,Model,Train Loss,Val Loss,Train Acc,Val Acc
0,AugMix + Baseline NN,3.319742054,2.936894727,0.2277,0.292
1,AugMix + MiniAlexNet,3.293630773,2.763703012,0.20955,0.3085
2,AugMix + VGG15,0.385904701,1.733421934,0.885425,0.6427
3,AugMix + ResNet50,1.188876039,1.396606636,0.66685,0.6601
4,AugMix + EfficientNetB0,0.79719,2.6799,0.768,0.478
5,AugMix + ResNeXt,2.471644175,2.864708877,0.37285,0.4172
6,AugMix + CvT,3.55423916,3.26202848,0.158325,0.1999
7,AugMix + ResNeXt,0.088401003,2.030693653,0.9741,0.6841
8,AugMix + WideResNet,0.088401003,2.030693653,0.9741,0.6841
