Model,Train Loss,Val Loss,Train Acc,Val Acc
AugMix + Baseline NN,3.319742054,2.936894727,0.2277,0.292
AugMix + MiniAlexNet,3.293630773,2.763703012,0.20955,0.3085
AugMix + VGG15,0.385904701,1.733421934,0.885425,0.6427
AugMix + ResNet50,1.188876039,1.396606636,0.66685,0.6601
AugMix + EfficientNetB0,0.79719,2.6799,0.768,0.478
AugMix + CvT,3.55423916,3.26202848,0.158325,0.1999
AugMix + ResNeXt,0.088401003,2.030693653,0.9741,0.6841
AugMix + WideResNet,0.128841,5.527439,0.9613,0.5991